trial_id,avg_lead_time,max_delay,scenario
1,3.827532724075134,16.738521090886987,Southeast Asia's Megafire
2,8.962914617758216,32.206056522420106,Southeast Asia's Megafire
3,5.994323733817316,20.059437162564727,Southeast Asia's Megafire
4,5.398779710322986,13.43101174167679,Southeast Asia's Megafire
5,5.3317738071867735,20.71422366338433,Southeast Asia's Megafire
6,5.809174263453704,22.959013719881064,Southeast Asia's Megafire
7,7.6511905023273385,24.523530286250484,Southeast Asia's Megafire
8,3.924854423121701,12.204913757485121,Southeast Asia's Megafire
9,3.166066118570918,12.104265581688587,Southeast Asia's Megafire
10,6.788856318482451,15.141126331335217,Southeast Asia's Megafire
11,5.509516275163621,15.880473776856446,Southeast Asia's Megafire
12,6.748193062552288,15.92729964809525,Southeast Asia's Megafire
13,4.604501071747033,17.91512762884069,Southeast Asia's Megafire
14,6.127228655843325,17.712636297979806,Southeast Asia's Megafire
15,4.586071233166608,16.63371307963508,Southeast Asia's Megafire
16,3.952149103709807,13.182246670605995,Southeast Asia's Megafire
17,7.669188454129622,27.44932055109512,Southeast Asia's Megafire
18,3.3569580722412407,15.58428065409754,Southeast Asia's Megafire
19,6.37289866612697,25.137754804930218,Southeast Asia's Megafire
20,5.4848135668952525,18.40091635407851,Southeast Asia's Megafire
21,7.2612607795626305,21.341318591251763,Southeast Asia's Megafire
22,5.36744807539875,12.622603834723822,Southeast Asia's Megafire
23,3.406388702801223,19.92074399738528,Southeast Asia's Megafire
24,7.735357088174935,17.01591053885786,Southeast Asia's Megafire
25,3.1529631257026147,8.38518978841758,Southeast Asia's Megafire
26,4.637799737102671,17.00457983332845,Southeast Asia's Megafire
27,10.546647805138111,21.412295159813794,Southeast Asia's Megafire
28,7.021711073631184,19.10504167408748,Southeast Asia's Megafire
29,3.0846040711796165,9.59703577615197,Southeast Asia's Megafire
30,6.007416994881128,18.069618702827142,Southeast Asia's Megafire
31,4.838943174914889,18.275467202319334,Southeast Asia's Megafire
32,4.584067702282495,17.528213293879446,Southeast Asia's Megafire
33,4.574263827006048,23.137956137845393,Southeast Asia's Megafire
34,5.290476503125514,15.676732682237317,Southeast Asia's Megafire
35,4.488148537476058,14.628363306503534,Southeast Asia's Megafire
36,5.701978618987686,15.475994412777252,Southeast Asia's Megafire
37,2.118262805348269,6.559064866683251,Southeast Asia's Megafire
38,4.4930252878968355,22.85350741605364,Southeast Asia's Megafire
39,6.138805162606098,26.675216342466427,Southeast Asia's Megafire
40,5.785345980380453,21.16679982353825,Southeast Asia's Megafire
41,5.5976753178861305,20.218321088305608,Southeast Asia's Megafire
42,6.363379234292993,16.349062414880173,Southeast Asia's Megafire
43,9.251136359663471,18.605555579697715,Southeast Asia's Megafire
44,2.213661442129168,8.20513760966424,Southeast Asia's Megafire
45,4.690369373182412,12.742401280285929,Southeast Asia's Megafire
46,5.838470763738063,23.15586179828292,Southeast Asia's Megafire
47,3.148049252776451,18.445323746379927,Southeast Asia's Megafire
48,4.644999456329261,10.66166495010096,Southeast Asia's Megafire
49,2.9160936027870776,25.118454144883707,Southeast Asia's Megafire
50,3.7567441057158555,11.932960931261881,Southeast Asia's Megafire
51,6.538568721713149,16.490052279355773,Southeast Asia's Megafire
52,5.091082936668968,13.990258614074262,Southeast Asia's Megafire
53,4.713633034398718,17.069064398544388,Southeast Asia's Megafire
54,5.580155629982116,14.85554765585479,Southeast Asia's Megafire
55,4.984330653635676,15.023578474397342,Southeast Asia's Megafire
56,5.607459682377093,14.95350934931156,Southeast Asia's Megafire
57,7.207824132500245,21.15840559953545,Southeast Asia's Megafire
58,6.739240787489817,18.891821234404,Southeast Asia's Megafire
59,6.872944321577745,22.37877437164819,Southeast Asia's Megafire
60,5.173110213564643,26.934486957660617,Southeast Asia's Megafire
61,6.1403686290928325,17.314166680410374,Southeast Asia's Megafire
62,5.873145463366628,25.35106138886311,Southeast Asia's Megafire
63,5.222106893537892,15.824625322314724,Southeast Asia's Megafire
64,5.194098613623589,17.30806147348447,Southeast Asia's Megafire
65,4.60531372394186,11.632522996466589,Southeast Asia's Megafire
66,2.5522655090914155,12.913933555685947,Southeast Asia's Megafire
67,3.0402465868667563,13.165877456629875,Southeast Asia's Megafire
68,6.116280362016375,23.869343747536078,Southeast Asia's Megafire
69,4.214727358638231,11.91199424535305,Southeast Asia's Megafire
70,7.038949414527522,20.42550132198312,Southeast Asia's Megafire
71,3.6397384666040073,10.717335925143296,Southeast Asia's Megafire
72,6.849879431179029,20.30746602993988,Southeast Asia's Megafire
73,6.004164938680632,20.693910369665346,Southeast Asia's Megafire
74,7.822150082033902,26.349729387991033,Southeast Asia's Megafire
75,5.845681798804081,16.4503912937153,Southeast Asia's Megafire
76,1.9934347572808997,8.508750965864657,Southeast Asia's Megafire
77,6.175710855400548,30.252682952374407,Southeast Asia's Megafire
78,3.61158293224276,16.193426374443796,Southeast Asia's Megafire
79,2.8952907363314018,12.743195540028527,Southeast Asia's Megafire
80,5.687032300429472,21.118403789552517,Southeast Asia's Megafire
81,4.491716781248904,15.191615052056822,Southeast Asia's Megafire
82,6.325700284000173,22.04588872482457,Southeast Asia's Megafire
83,2.4446335637365846,9.15551167097125,Southeast Asia's Megafire
84,5.880246720726369,17.564122312963324,Southeast Asia's Megafire
85,6.590190010610433,20.80581543558197,Southeast Asia's Megafire
86,5.064533746658414,13.234226032030183,Southeast Asia's Megafire
87,6.489031984069279,13.010413784813801,Southeast Asia's Megafire
88,2.302392681277092,9.080333607482995,Southeast Asia's Megafire
89,9.433883233048686,22.419430692178906,Southeast Asia's Megafire
90,5.318210918812902,20.25958331423039,Southeast Asia's Megafire
91,6.001852343834625,21.488463789191336,Southeast Asia's Megafire
92,10.320750222365325,28.151310680032253,Southeast Asia's Megafire
93,6.406618170322248,15.590297537763098,Southeast Asia's Megafire
94,4.078472312204865,15.471624510259755,Southeast Asia's Megafire
95,3.668410161280127,16.821849818211888,Southeast Asia's Megafire
96,5.310517248679823,14.176807703539943,Southeast Asia's Megafire
97,4.030683958597277,13.941123192287847,Southeast Asia's Megafire
98,8.162560639912616,21.2484020706243,Southeast Asia's Megafire
99,6.906310730217071,21.656909050029263,Southeast Asia's Megafire
100,5.2229834025309385,23.253826949184344,Southeast Asia's Megafire
101,7.192489833676175,15.385561506799787,Southeast Asia's Megafire
102,1.9395643324128033,7.542179462853153,Southeast Asia's Megafire
103,4.829053138171811,25.376480215504813,Southeast Asia's Megafire
104,3.9202351852197386,18.459453550740513,Southeast Asia's Megafire
105,3.3056717645646496,16.472559433747186,Southeast Asia's Megafire
106,5.212689691390023,22.843368442493727,Southeast Asia's Megafire
107,8.95822194355775,24.52523102605135,Southeast Asia's Megafire
108,5.455417854722836,18.30485470042073,Southeast Asia's Megafire
109,3.9880746412042902,10.997190684830723,Southeast Asia's Megafire
110,5.134149731608728,13.15673023714262,Southeast Asia's Megafire
111,6.363660884265018,17.397468524585506,Southeast Asia's Megafire
112,8.862334442495523,16.56000875754571,Southeast Asia's Megafire
113,6.164154139079448,22.837547143556783,Southeast Asia's Megafire
114,7.1608829441042685,25.5733791692642,Southeast Asia's Megafire
115,5.6232454620656585,22.66100106280645,Southeast Asia's Megafire
116,4.681438605404942,15.677860999780583,Southeast Asia's Megafire
117,7.396457981789097,26.551304354124547,Southeast Asia's Megafire
118,5.79595331042245,15.47814770318029,Southeast Asia's Megafire
119,5.018982409442624,17.024054166718297,Southeast Asia's Megafire
120,3.0019325786840745,10.047620380924279,Southeast Asia's Megafire
121,7.6566723518353905,23.512936355444864,Southeast Asia's Megafire
122,6.551433184831443,19.977479793902496,Southeast Asia's Megafire
123,6.0417909789943485,15.519089456628544,Southeast Asia's Megafire
124,6.687640373059938,18.029405007915365,Southeast Asia's Megafire
125,7.299115939827977,21.588399622058382,Southeast Asia's Megafire
126,5.976169082210776,21.54079227075023,Southeast Asia's Megafire
127,3.2692966211240537,11.036580884309824,Southeast Asia's Megafire
128,4.4224654345560666,12.821468033748864,Southeast Asia's Megafire
129,7.095191884831297,17.938322701309637,Southeast Asia's Megafire
130,4.454696788136561,11.606930885385841,Southeast Asia's Megafire
131,5.102966019195335,14.162553479672805,Southeast Asia's Megafire
132,5.921558664117951,27.12040782873403,Southeast Asia's Megafire
133,6.890751599860512,15.472799718377576,Southeast Asia's Megafire
134,10.522802950920264,23.797676489268746,Southeast Asia's Megafire
135,5.606306322270091,17.007695363820158,Southeast Asia's Megafire
136,4.210306020479625,13.986161203413577,Southeast Asia's Megafire
137,6.4091236403522265,16.787125526662606,Southeast Asia's Megafire
138,4.65054833035599,16.42094667352297,Southeast Asia's Megafire
139,4.7785472236991335,16.314185281846218,Southeast Asia's Megafire
140,7.311896220383843,18.94812723913025,Southeast Asia's Megafire
141,6.706575870581401,20.974774755899745,Southeast Asia's Megafire
142,4.0001597582080155,12.159322133526809,Southeast Asia's Megafire
143,5.52263001464152,18.804041742691922,Southeast Asia's Megafire
144,5.110629447467163,16.023626712003534,Southeast Asia's Megafire
145,5.3584219755692475,19.10487700722638,Southeast Asia's Megafire
146,7.63750702080995,18.825655791267092,Southeast Asia's Megafire
147,5.756216650782067,18.62323943780793,Southeast Asia's Megafire
148,6.629405367071635,17.342819155807003,Southeast Asia's Megafire
149,6.0717785300193015,18.667262265126013,Southeast Asia's Megafire
150,6.602966910917165,21.94346236681421,Southeast Asia's Megafire
151,4.502959497732868,16.73699512749731,Southeast Asia's Megafire
152,4.287316705485297,16.01883881012489,Southeast Asia's Megafire
153,5.2481708055843495,15.307859373861719,Southeast Asia's Megafire
154,5.10973811127331,11.653615063091602,Southeast Asia's Megafire
155,4.119394216838746,9.128155270249643,Southeast Asia's Megafire
156,3.6685306563165168,14.76570927026615,Southeast Asia's Megafire
157,4.513863544064778,13.481271060996514,Southeast Asia's Megafire
158,6.266205324636652,19.344782633628586,Southeast Asia's Megafire
159,7.280289678171819,23.689518399561564,Southeast Asia's Megafire
160,4.964151627705395,29.690109790503037,Southeast Asia's Megafire
161,3.9152487481811287,15.42772541703411,Southeast Asia's Megafire
162,5.411705877398156,19.207920536394816,Southeast Asia's Megafire
163,7.984063546647737,21.210867747518314,Southeast Asia's Megafire
164,5.856333376072817,20.81160710036179,Southeast Asia's Megafire
165,4.902113413359628,16.330087556619308,Southeast Asia's Megafire
166,2.613197387509699,9.453849015925353,Southeast Asia's Megafire
167,4.153965593689923,20.127042163546143,Southeast Asia's Megafire
168,7.429529977089904,17.921258512980167,Southeast Asia's Megafire
169,3.880913830863513,18.889826889709237,Southeast Asia's Megafire
170,5.883919148979644,15.983489851282648,Southeast Asia's Megafire
171,3.578989602017962,13.834517670977197,Southeast Asia's Megafire
172,4.277194321438217,18.615243448757305,Southeast Asia's Megafire
173,4.10760950354563,16.12853560076362,Southeast Asia's Megafire
174,3.0523663372090186,12.73564432071348,Southeast Asia's Megafire
175,5.219442096524262,17.747937522651945,Southeast Asia's Megafire
176,2.774676703849478,17.786715464567223,Southeast Asia's Megafire
177,8.2934790159664,28.616446197585226,Southeast Asia's Megafire
178,3.9269196046196813,13.048490662259143,Southeast Asia's Megafire
179,3.37038438148578,12.163011762504881,Southeast Asia's Megafire
180,4.882414786546383,16.221581215426216,Southeast Asia's Megafire
181,6.033212895240611,18.69587489800712,Southeast Asia's Megafire
182,3.123810928996973,12.515308036782287,Southeast Asia's Megafire
183,3.794575672320635,14.32316259183304,Southeast Asia's Megafire
184,5.836881270711349,17.949817596197867,Southeast Asia's Megafire
185,3.80109887702215,11.968267825236463,Southeast Asia's Megafire
186,4.640977893259172,20.047629408984513,Southeast Asia's Megafire
187,7.2189165365914505,14.742249796524414,Southeast Asia's Megafire
188,3.2795014374475353,11.669078801465346,Southeast Asia's Megafire
189,4.201598409063139,10.11884999432225,Southeast Asia's Megafire
190,4.55698900114808,13.077014020283258,Southeast Asia's Megafire
191,7.097575265253741,24.562364330025048,Southeast Asia's Megafire
192,6.557039606194583,22.66045085124633,Southeast Asia's Megafire
193,4.472668961025632,17.026208951300656,Southeast Asia's Megafire
194,6.027736873544512,16.34779206923919,Southeast Asia's Megafire
195,5.720966263774889,18.755989828970534,Southeast Asia's Megafire
196,6.094055723855434,12.370688010035414,Southeast Asia's Megafire
197,4.3879196000134675,12.278680454313118,Southeast Asia's Megafire
198,6.344738935617265,25.651487437998078,Southeast Asia's Megafire
199,4.7643669642150694,24.99097099526179,Southeast Asia's Megafire
200,5.589144334369117,19.379886200142664,Southeast Asia's Megafire
201,3.2897414952575152,13.312138251441317,Southeast Asia's Megafire
202,6.96618324060453,18.025351375005002,Southeast Asia's Megafire
203,8.847353432525312,18.59627224057755,Southeast Asia's Megafire
204,5.879852072485642,22.09624495491724,Southeast Asia's Megafire
205,4.609596360182276,18.30029179897395,Southeast Asia's Megafire
206,5.150399279733626,20.301882976073607,Southeast Asia's Megafire
207,2.9133151317830666,7.039444228152644,Southeast Asia's Megafire
208,4.194802343242826,17.52738131335719,Southeast Asia's Megafire
209,7.577259429405763,23.554585192418074,Southeast Asia's Megafire
210,5.659871352652382,15.987141465101514,Southeast Asia's Megafire
211,1.5465297113111354,6.9529861912883195,Southeast Asia's Megafire
212,6.234729109492524,21.75284541369981,Southeast Asia's Megafire
213,6.050034006008651,12.008757915160663,Southeast Asia's Megafire
214,3.2102526014064585,12.931490557896696,Southeast Asia's Megafire
215,10.091896376456916,21.972581718780397,Southeast Asia's Megafire
216,6.762496443490527,16.696632793221582,Southeast Asia's Megafire
217,7.504047480348773,26.43253566427392,Southeast Asia's Megafire
218,5.054368538303778,17.931688839394464,Southeast Asia's Megafire
219,5.529204123940468,20.008419858854822,Southeast Asia's Megafire
220,5.726176865849914,26.57537672796635,Southeast Asia's Megafire
221,2.7373961950804953,12.587795136160276,Southeast Asia's Megafire
222,7.8841599952349535,17.24336970614815,Southeast Asia's Megafire
223,5.192463845265927,17.403019074204728,Southeast Asia's Megafire
224,4.420068521661172,16.45966075261858,Southeast Asia's Megafire
225,6.7100054621886045,21.73756376075584,Southeast Asia's Megafire
226,7.555982421774103,17.979078010888184,Southeast Asia's Megafire
227,6.635598982214298,18.75851781457194,Southeast Asia's Megafire
228,3.136733126119443,18.783185391789363,Southeast Asia's Megafire
229,5.561149286158537,20.540831860164403,Southeast Asia's Megafire
230,3.839732472439741,10.750007778856126,Southeast Asia's Megafire
231,5.520044214755106,22.809448387682068,Southeast Asia's Megafire
232,6.483234249985038,16.10164661487588,Southeast Asia's Megafire
233,5.520045934141997,19.696068648118327,Southeast Asia's Megafire
234,2.7430909568798865,14.230283678948608,Southeast Asia's Megafire
235,7.5686450128994185,28.783710007111658,Southeast Asia's Megafire
236,5.428289895107012,19.279356836244276,Southeast Asia's Megafire
237,4.3832618980857,13.504733415941535,Southeast Asia's Megafire
238,7.526564181526837,25.06475882281954,Southeast Asia's Megafire
239,3.8975065011152026,12.711565807615639,Southeast Asia's Megafire
240,5.6722072672340795,19.024501460763517,Southeast Asia's Megafire
241,3.4909741793089517,11.316415251914698,Southeast Asia's Megafire
242,4.495717220058174,15.492153162626366,Southeast Asia's Megafire
243,7.028968494523824,23.654979429287188,Southeast Asia's Megafire
244,5.656426383944215,16.223207552151166,Southeast Asia's Megafire
245,8.971711413513443,18.23810150712444,Southeast Asia's Megafire
246,5.66687655081065,17.89936788950392,Southeast Asia's Megafire
247,4.281521161051395,14.298859409310726,Southeast Asia's Megafire
248,9.181817342079858,26.8345492169352,Southeast Asia's Megafire
249,8.121678574666037,23.769970483749645,Southeast Asia's Megafire
250,4.488402079781766,19.71006392336094,Southeast Asia's Megafire
251,6.197523784127263,16.81929156175594,Southeast Asia's Megafire
252,2.9991520762569386,8.765508608444918,Southeast Asia's Megafire
253,7.4532493198414835,18.170899815198737,Southeast Asia's Megafire
254,3.298520040784108,13.028302159960685,Southeast Asia's Megafire
255,3.607696696946994,10.397240007798828,Southeast Asia's Megafire
256,6.848594405069352,23.93929757151502,Southeast Asia's Megafire
257,4.56995178961585,17.310882021279724,Southeast Asia's Megafire
258,5.280174948690332,19.252849399408696,Southeast Asia's Megafire
259,4.433679460779596,16.949686888174107,Southeast Asia's Megafire
260,5.5527157297327605,21.61547128026789,Southeast Asia's Megafire
261,6.560590848000466,26.255908780883047,Southeast Asia's Megafire
262,4.715645254901731,14.540669904024465,Southeast Asia's Megafire
263,7.234651707355383,20.974366912929092,Southeast Asia's Megafire
264,6.460277771131196,16.1194545064925,Southeast Asia's Megafire
265,4.02904981568671,19.448233931373444,Southeast Asia's Megafire
266,7.903023176742385,16.726012942517407,Southeast Asia's Megafire
267,7.83852683299934,21.64799759264723,Southeast Asia's Megafire
268,3.3269929954921156,13.796391419096603,Southeast Asia's Megafire
269,3.6830822205453755,11.972827179187728,Southeast Asia's Megafire
270,5.756970401512226,16.36649943881698,Southeast Asia's Megafire
271,4.812361842688138,16.441808943237007,Southeast Asia's Megafire
272,3.6528806802737313,11.308775058773602,Southeast Asia's Megafire
273,9.304148861440861,17.32856681072873,Southeast Asia's Megafire
274,8.894684023524137,26.06816799629746,Southeast Asia's Megafire
275,6.080703114718543,19.553989032839013,Southeast Asia's Megafire
276,3.835559849706514,10.958667124027611,Southeast Asia's Megafire
277,2.7681468792405823,11.975715585838033,Southeast Asia's Megafire
278,2.9528954655269772,17.654282655688668,Southeast Asia's Megafire
279,6.937736350817267,24.38823798646984,Southeast Asia's Megafire
280,3.977420966501892,11.103145181866179,Southeast Asia's Megafire
281,3.992853052348505,11.785444146074662,Southeast Asia's Megafire
282,4.9943062097205635,16.38403164915411,Southeast Asia's Megafire
283,4.828581844049032,12.773091889034857,Southeast Asia's Megafire
284,5.016245356869139,11.506212908497835,Southeast Asia's Megafire
285,6.300864738861618,17.112102660899822,Southeast Asia's Megafire
286,3.1046626909587713,11.3149565172302,Southeast Asia's Megafire
287,5.144123150428074,14.616756878207195,Southeast Asia's Megafire
288,6.936558432984855,17.593524488382208,Southeast Asia's Megafire
289,6.609978543441193,18.57099502886851,Southeast Asia's Megafire
290,2.1997684563647,9.519546051903134,Southeast Asia's Megafire
291,5.55146671879633,18.623406834891753,Southeast Asia's Megafire
292,5.056795686818968,22.998496129005282,Southeast Asia's Megafire
293,3.3422202799919387,10.773466126605355,Southeast Asia's Megafire
294,5.195460039994019,13.81074045784413,Southeast Asia's Megafire
295,4.424869603125966,20.092215133389622,Southeast Asia's Megafire
296,3.356224663620911,14.195960503863947,Southeast Asia's Megafire
297,3.141101920236852,19.402035372810943,Southeast Asia's Megafire
298,7.784369682085526,21.762062233622522,Southeast Asia's Megafire
299,6.893751684977729,21.56777362229169,Southeast Asia's Megafire
300,5.385407044062426,16.03621321130126,Southeast Asia's Megafire
301,6.167477962008556,22.248300319334007,Southeast Asia's Megafire
302,4.5651442610213895,18.426431744505123,Southeast Asia's Megafire
303,5.072374893569765,19.483332067156176,Southeast Asia's Megafire
304,4.3610000878994475,12.635048507080576,Southeast Asia's Megafire
305,5.832009407914014,18.436072456564318,Southeast Asia's Megafire
306,5.523439223757295,21.63191162822156,Southeast Asia's Megafire
307,4.934294147355964,15.731288632397339,Southeast Asia's Megafire
308,4.889507372538472,11.683213863383479,Southeast Asia's Megafire
309,4.426034068895368,14.856826949231271,Southeast Asia's Megafire
310,5.197714745813756,15.409545183864672,Southeast Asia's Megafire
311,6.112930252397467,15.663164062589322,Southeast Asia's Megafire
312,4.421777920486918,9.689446404775177,Southeast Asia's Megafire
313,1.4201273734730666,6.670692321090667,Southeast Asia's Megafire
314,4.26748576965158,14.97255026613415,Southeast Asia's Megafire
315,6.265410271177335,23.03966059966541,Southeast Asia's Megafire
316,4.787362412979003,15.598203381438964,Southeast Asia's Megafire
317,5.763562707526353,19.949056589085345,Southeast Asia's Megafire
318,4.840340521262756,18.769805174750097,Southeast Asia's Megafire
319,3.1069613486281327,11.157329739240769,Southeast Asia's Megafire
320,6.70883894157575,13.342496847144554,Southeast Asia's Megafire
321,3.238445176441593,14.125839574784044,Southeast Asia's Megafire
322,3.742948907470818,16.640050194659302,Southeast Asia's Megafire
323,8.414413631301166,25.399311695733672,Southeast Asia's Megafire
324,5.723237618254548,12.79261987344418,Southeast Asia's Megafire
325,5.378864935146445,12.373955098020858,Southeast Asia's Megafire
326,6.698062857948195,23.787454543368057,Southeast Asia's Megafire
327,4.367383409430955,12.560074523661237,Southeast Asia's Megafire
328,5.933683987304538,16.72878201940979,Southeast Asia's Megafire
329,3.2651917281599956,12.14234473312968,Southeast Asia's Megafire
330,5.836827262256625,18.74037897866343,Southeast Asia's Megafire
331,5.85340392520557,17.40352615356634,Southeast Asia's Megafire
332,7.234931041582847,31.238897544590223,Southeast Asia's Megafire
333,5.235419510053022,17.072248721744245,Southeast Asia's Megafire
334,4.4394056352298685,19.39536273766055,Southeast Asia's Megafire
335,5.162804750991655,19.15064518428644,Southeast Asia's Megafire
336,3.3888743519531244,14.760552706770275,Southeast Asia's Megafire
337,6.254934502918052,15.284784099932617,Southeast Asia's Megafire
338,5.477670890250003,14.785391054659593,Southeast Asia's Megafire
339,5.735223095862395,22.375698702121362,Southeast Asia's Megafire
340,5.788892381619364,19.580364916605802,Southeast Asia's Megafire
341,3.4947066362117583,9.376884855880954,Southeast Asia's Megafire
342,4.193572120861162,12.609652928908789,Southeast Asia's Megafire
343,6.081602842412242,15.516876360344243,Southeast Asia's Megafire
344,7.176996382674979,16.205574644365115,Southeast Asia's Megafire
345,5.600351034435842,16.31614498372671,Southeast Asia's Megafire
346,3.824092493190595,11.231763337437833,Southeast Asia's Megafire
347,9.648225673308044,26.496372439724922,Southeast Asia's Megafire
348,6.521374164947312,18.178720379633027,Southeast Asia's Megafire
349,4.502973770510627,12.099539248887146,Southeast Asia's Megafire
350,5.021279341323942,17.77693431245779,Southeast Asia's Megafire
351,3.8003231766961165,11.688101174862418,Southeast Asia's Megafire
352,7.38242929757517,20.95932358427841,Southeast Asia's Megafire
353,6.103224055489263,15.626604857883683,Southeast Asia's Megafire
354,5.033680487082489,20.795493371294683,Southeast Asia's Megafire
355,5.732886288385402,17.504062359872872,Southeast Asia's Megafire
356,5.073130501319727,13.564217905714827,Southeast Asia's Megafire
357,6.861600793083101,23.785076096701182,Southeast Asia's Megafire
358,3.2791900314816678,15.798490333637567,Southeast Asia's Megafire
359,5.464886546017458,17.358744516140213,Southeast Asia's Megafire
360,5.371164862768002,14.036289287275421,Southeast Asia's Megafire
361,5.869561051361555,20.232197431603694,Southeast Asia's Megafire
362,7.966117550300895,33.09474741588042,Southeast Asia's Megafire
363,6.2785772841416465,20.389497968940532,Southeast Asia's Megafire
364,6.356389624731734,15.134629313303611,Southeast Asia's Megafire
365,5.868167062958049,15.42571983093742,Southeast Asia's Megafire
366,3.3599097735638876,12.057943876857301,Southeast Asia's Megafire
367,4.187767123412555,13.83972749641855,Southeast Asia's Megafire
368,7.047375754493359,20.022268220996615,Southeast Asia's Megafire
369,6.736604871506171,17.355340222302562,Southeast Asia's Megafire
370,7.13044002099384,22.02344993165208,Southeast Asia's Megafire
371,4.648572337116384,20.65480523402944,Southeast Asia's Megafire
372,5.663084341535247,22.56946480397935,Southeast Asia's Megafire
373,4.098083099041888,9.865759149643381,Southeast Asia's Megafire
374,7.2667254837587265,24.648655501349744,Southeast Asia's Megafire
375,6.218302766454853,30.323655763258266,Southeast Asia's Megafire
376,4.079851787736387,14.040342956294388,Southeast Asia's Megafire
377,7.400418367383955,20.749738569287004,Southeast Asia's Megafire
378,5.003402156886425,17.047061044034262,Southeast Asia's Megafire
379,4.6568522635664475,23.756515094207955,Southeast Asia's Megafire
380,4.082566585446474,13.730131909260896,Southeast Asia's Megafire
381,5.862262981904958,15.786560189559932,Southeast Asia's Megafire
382,5.513928202875818,21.423796344442295,Southeast Asia's Megafire
383,7.278078920328525,16.770044696459486,Southeast Asia's Megafire
384,6.364744260114191,15.691697795003254,Southeast Asia's Megafire
385,6.339478928954402,16.38941259115058,Southeast Asia's Megafire
386,1.9510745675010674,12.72307412976121,Southeast Asia's Megafire
387,5.18204040514095,11.386003400913504,Southeast Asia's Megafire
388,7.112673581701931,27.05280311221764,Southeast Asia's Megafire
389,4.6147320856281775,16.616516444066256,Southeast Asia's Megafire
390,4.888017113043266,22.945430403891102,Southeast Asia's Megafire
391,4.700612556834375,23.905228057182185,Southeast Asia's Megafire
392,6.423294932049216,18.508676200991157,Southeast Asia's Megafire
393,5.8788008803190355,18.162870916118106,Southeast Asia's Megafire
394,7.2611359586555215,26.2185529102155,Southeast Asia's Megafire
395,3.52179643643117,13.174561084466648,Southeast Asia's Megafire
396,7.4842325334875754,16.81264359545895,Southeast Asia's Megafire
397,5.271950314965922,26.90086523266681,Southeast Asia's Megafire
398,6.463040333683879,18.35776634139271,Southeast Asia's Megafire
399,4.034714054778921,15.817989406787458,Southeast Asia's Megafire
400,6.289988042632636,24.796133565276463,Southeast Asia's Megafire
401,5.164304570961113,15.684625126393003,Southeast Asia's Megafire
402,3.3707388884521126,11.961763306805375,Southeast Asia's Megafire
403,5.048842186679934,15.522398517771162,Southeast Asia's Megafire
404,3.4786162590220258,13.603684389259712,Southeast Asia's Megafire
405,4.480319008737011,14.604664528400434,Southeast Asia's Megafire
406,6.486799408923323,23.08726741806904,Southeast Asia's Megafire
407,3.6446848934800893,13.932515244248522,Southeast Asia's Megafire
408,5.406679460112473,17.10983978197334,Southeast Asia's Megafire
409,6.631212023335126,14.465706801227872,Southeast Asia's Megafire
410,7.392684420804096,29.90739036148998,Southeast Asia's Megafire
411,6.1347088719688205,23.595497235354514,Southeast Asia's Megafire
412,1.7267590089152627,6.879322550158618,Southeast Asia's Megafire
413,4.627415814132534,14.594060899042518,Southeast Asia's Megafire
414,6.95050189273462,16.63789399853863,Southeast Asia's Megafire
415,4.055208306336241,15.736235646690792,Southeast Asia's Megafire
416,3.6915312141799235,14.812192971811266,Southeast Asia's Megafire
417,4.206361657712405,12.909642801167557,Southeast Asia's Megafire
418,4.311452334674946,30.119216131131402,Southeast Asia's Megafire
419,6.01667624722199,18.313047730499413,Southeast Asia's Megafire
420,3.3290593939993927,10.9378553041016,Southeast Asia's Megafire
421,7.7663170796001735,17.646731870267352,Southeast Asia's Megafire
422,1.8157375400739217,8.818475304361886,Southeast Asia's Megafire
423,6.198503629081406,19.53142692768362,Southeast Asia's Megafire
424,3.3315652467167385,13.464324933284647,Southeast Asia's Megafire
425,7.078175134017434,17.19176788072563,Southeast Asia's Megafire
426,3.9264964279142096,15.21262132828844,Southeast Asia's Megafire
427,4.919762227609866,14.832554078296921,Southeast Asia's Megafire
428,5.186581038058688,15.51159525137138,Southeast Asia's Megafire
429,6.023196098644815,28.599428900669345,Southeast Asia's Megafire
430,4.866340012771654,21.06443711199487,Southeast Asia's Megafire
431,5.563619670699233,20.69684497668179,Southeast Asia's Megafire
432,4.861136354112442,23.332110983247766,Southeast Asia's Megafire
433,5.203430951936378,15.536365493451429,Southeast Asia's Megafire
434,11.043600314656024,23.29855146876657,Southeast Asia's Megafire
435,5.359403107045217,11.812932916715807,Southeast Asia's Megafire
436,7.5390014149708895,17.46854846558563,Southeast Asia's Megafire
437,6.082277458943354,13.47788194485943,Southeast Asia's Megafire
438,4.7198435581664695,15.265174274344249,Southeast Asia's Megafire
439,4.822536043401613,20.785399078247863,Southeast Asia's Megafire
440,3.506864770216685,22.9617011017799,Southeast Asia's Megafire
441,5.242291940798546,28.569906186116697,Southeast Asia's Megafire
442,4.619128211472493,21.530970475849934,Southeast Asia's Megafire
443,4.773200890923787,18.57330816174104,Southeast Asia's Megafire
444,7.707207456396008,34.132488881304624,Southeast Asia's Megafire
445,1.5971899055563024,8.209787785259124,Southeast Asia's Megafire
446,6.801894758770978,18.814395673852463,Southeast Asia's Megafire
447,4.8762802206536255,18.78683371167942,Southeast Asia's Megafire
448,3.9744503265443805,10.209184954345282,Southeast Asia's Megafire
449,4.942903982732218,19.148878924919856,Southeast Asia's Megafire
450,6.86780545507187,14.869568512356258,Southeast Asia's Megafire
451,3.6128956231523968,12.841045681485209,Southeast Asia's Megafire
452,6.814934404911419,27.82378315984112,Southeast Asia's Megafire
453,7.268940309676007,21.83997671318157,Southeast Asia's Megafire
454,5.443413222802309,13.090908895705768,Southeast Asia's Megafire
455,3.2617781464829663,12.442736958620479,Southeast Asia's Megafire
456,6.069931593308769,20.124344876698032,Southeast Asia's Megafire
457,6.639522051810458,16.26543202002589,Southeast Asia's Megafire
458,3.8548696657893813,16.34692923743352,Southeast Asia's Megafire
459,5.645897523650396,19.105098933627048,Southeast Asia's Megafire
460,4.339572273127116,18.19327882629029,Southeast Asia's Megafire
461,6.613120637474007,17.27811997359084,Southeast Asia's Megafire
462,5.4667158844365185,19.584224082281416,Southeast Asia's Megafire
463,4.24706180004865,11.545045745910166,Southeast Asia's Megafire
464,8.053477967520823,26.145326649246172,Southeast Asia's Megafire
465,3.444821550857442,13.828977660812896,Southeast Asia's Megafire
466,4.166663587962629,17.17093418416675,Southeast Asia's Megafire
467,3.8731042504781144,19.683808269480473,Southeast Asia's Megafire
468,6.09494207166548,27.969505816226324,Southeast Asia's Megafire
469,3.8574352873516013,16.52225846930849,Southeast Asia's Megafire
470,4.481646515750646,12.449323503749543,Southeast Asia's Megafire
471,2.582118956169786,17.714819509086574,Southeast Asia's Megafire
472,7.026326668748607,22.97944272112536,Southeast Asia's Megafire
473,4.621654653683608,18.176437866370833,Southeast Asia's Megafire
474,3.010010380693406,14.554265593754604,Southeast Asia's Megafire
475,6.12395088076844,15.67303107091404,Southeast Asia's Megafire
476,4.482717939097186,18.30907367899897,Southeast Asia's Megafire
477,4.884215703883557,18.652166547430696,Southeast Asia's Megafire
478,5.197185582169789,22.107232402775068,Southeast Asia's Megafire
479,3.3997837278223417,13.371510170723107,Southeast Asia's Megafire
480,5.968064789322855,32.15623933667115,Southeast Asia's Megafire
481,3.651566466986849,17.43154366629733,Southeast Asia's Megafire
482,5.321806027709863,16.140951926886153,Southeast Asia's Megafire
483,4.440110286391735,12.471776273517627,Southeast Asia's Megafire
484,4.425753895274312,18.014709702690602,Southeast Asia's Megafire
485,4.202574216797854,14.153235874488042,Southeast Asia's Megafire
486,4.879097957034964,16.77590205616816,Southeast Asia's Megafire
487,4.403225938689503,12.511924944290882,Southeast Asia's Megafire
488,5.536355941963516,17.04821568538928,Southeast Asia's Megafire
489,6.560561562686378,17.09106593034592,Southeast Asia's Megafire
490,6.297719771221395,19.081031306737827,Southeast Asia's Megafire
491,5.689187421632924,15.48048998304789,Southeast Asia's Megafire
492,5.920851727589847,23.401822241006393,Southeast Asia's Megafire
493,6.118370708758247,15.522994955228246,Southeast Asia's Megafire
494,8.689865936659368,22.10104649886007,Southeast Asia's Megafire
495,5.842933580036335,22.704954077883166,Southeast Asia's Megafire
496,9.607815389329634,27.099421908527056,Southeast Asia's Megafire
497,6.904081096862251,21.45578572619157,Southeast Asia's Megafire
498,5.54045182449596,16.633463398740616,Southeast Asia's Megafire
499,2.1878333250593696,7.669857274973094,Southeast Asia's Megafire
500,6.478492127079626,21.472464915460783,Southeast Asia's Megafire
501,5.677055786125941,23.369226790085946,Southeast Asia's Megafire
502,7.266640984700957,24.908260012319204,Southeast Asia's Megafire
503,3.7131562486601553,15.910706823788905,Southeast Asia's Megafire
504,4.835228840785193,17.491417564090195,Southeast Asia's Megafire
505,5.950692213005738,12.315321449604976,Southeast Asia's Megafire
506,3.900685557251293,15.488662971545255,Southeast Asia's Megafire
507,2.475206105086549,10.727135701008919,Southeast Asia's Megafire
508,7.212420872523339,23.633952958980736,Southeast Asia's Megafire
509,8.212633579933255,25.30000525375742,Southeast Asia's Megafire
510,6.755083332998192,19.337012497613962,Southeast Asia's Megafire
511,3.222631423131662,11.40166625799629,Southeast Asia's Megafire
512,6.119035130983944,29.607030999641424,Southeast Asia's Megafire
513,6.687274531347812,15.577727574665795,Southeast Asia's Megafire
514,2.736228390391507,20.74486854350824,Southeast Asia's Megafire
515,5.018369916008169,15.710726319897699,Southeast Asia's Megafire
516,5.6529853322506565,14.900141215507317,Southeast Asia's Megafire
517,7.9658157637853995,23.549928906472317,Southeast Asia's Megafire
518,2.9616079042639183,12.392461705219807,Southeast Asia's Megafire
519,5.826994751476785,16.16173652049865,Southeast Asia's Megafire
520,6.204573832313353,20.156337228238108,Southeast Asia's Megafire
521,3.0463641515116913,15.090122884202886,Southeast Asia's Megafire
522,3.911293385250282,11.894476652596513,Southeast Asia's Megafire
523,7.680777316457543,28.17872024564557,Southeast Asia's Megafire
524,5.152960170188204,15.761282751393018,Southeast Asia's Megafire
525,4.919285828834572,13.259545311902322,Southeast Asia's Megafire
526,4.2756809807680325,18.406772140511983,Southeast Asia's Megafire
527,5.821051792276822,14.366305565379232,Southeast Asia's Megafire
528,8.72936451905649,19.68847809814664,Southeast Asia's Megafire
529,6.312590180823037,16.750689353078243,Southeast Asia's Megafire
530,7.96841641659531,17.23978787489513,Southeast Asia's Megafire
531,3.4079003247173394,11.329194326713061,Southeast Asia's Megafire
532,2.619167418391114,14.204503993682337,Southeast Asia's Megafire
533,3.3388729754124378,12.129874903527348,Southeast Asia's Megafire
534,5.206376008505409,14.99115808303883,Southeast Asia's Megafire
535,4.081300480835059,14.159369154287187,Southeast Asia's Megafire
536,6.710990774360807,20.977139297922548,Southeast Asia's Megafire
537,5.648361830696014,13.982692154214938,Southeast Asia's Megafire
538,4.4572470911752085,19.182212013846506,Southeast Asia's Megafire
539,6.970793875363183,21.43572249607925,Southeast Asia's Megafire
540,6.0166680660424925,17.458230658025023,Southeast Asia's Megafire
541,6.508969950677032,17.24854343587393,Southeast Asia's Megafire
542,4.024664991559223,17.436697995206885,Southeast Asia's Megafire
543,3.224318176400558,13.841140958734721,Southeast Asia's Megafire
544,5.330261447097439,17.533752325975843,Southeast Asia's Megafire
545,3.3421357888444083,9.856383268358337,Southeast Asia's Megafire
546,4.137915983437232,17.7108332411674,Southeast Asia's Megafire
547,7.144499885880326,15.652217122621673,Southeast Asia's Megafire
548,7.931100299025113,17.902917030079102,Southeast Asia's Megafire
549,5.5565738828531765,16.58006679121057,Southeast Asia's Megafire
550,3.288607593131426,17.63439124371594,Southeast Asia's Megafire
551,4.596291137102618,17.260395338094558,Southeast Asia's Megafire
552,2.8375320566587305,11.432298749235398,Southeast Asia's Megafire
553,8.67070962501605,23.235776315541464,Southeast Asia's Megafire
554,4.659464290861733,13.347236023624271,Southeast Asia's Megafire
555,4.899664127115018,25.95470849901951,Southeast Asia's Megafire
556,6.34433545195791,14.159920261218257,Southeast Asia's Megafire
557,1.9761495914514309,10.582667527828995,Southeast Asia's Megafire
558,5.5099961695242765,15.324407115152157,Southeast Asia's Megafire
559,5.744800598477098,21.19499342851894,Southeast Asia's Megafire
560,6.116849366619261,23.050900274758497,Southeast Asia's Megafire
561,3.5860754705603917,19.573217625585677,Southeast Asia's Megafire
562,8.403971271830782,23.06790306318735,Southeast Asia's Megafire
563,8.228768803535376,22.321110796942328,Southeast Asia's Megafire
564,7.3753775069120735,24.696924123931787,Southeast Asia's Megafire
565,7.296283587709908,18.56460911788689,Southeast Asia's Megafire
566,2.8306764018724153,7.916865508767807,Southeast Asia's Megafire
567,3.7059421297685695,12.244616302292943,Southeast Asia's Megafire
568,4.66878436330513,17.208807005438686,Southeast Asia's Megafire
569,6.774757594427109,15.375624233105317,Southeast Asia's Megafire
570,4.794191242426966,12.994729686826712,Southeast Asia's Megafire
571,6.768454110999264,29.926664686984196,Southeast Asia's Megafire
572,3.864646695800388,20.329736400743236,Southeast Asia's Megafire
573,6.050356835483677,17.917752653856038,Southeast Asia's Megafire
574,7.877585017391691,24.768814257980438,Southeast Asia's Megafire
575,4.628887501029736,22.793128146377953,Southeast Asia's Megafire
576,5.8541519013593915,14.21710572164928,Southeast Asia's Megafire
577,4.889002982941571,14.282553034379912,Southeast Asia's Megafire
578,7.019816201588594,19.010321853859047,Southeast Asia's Megafire
579,3.928714055634404,18.511399393237696,Southeast Asia's Megafire
580,8.992374886001091,23.515952592601174,Southeast Asia's Megafire
581,6.432629942223998,28.453289348125324,Southeast Asia's Megafire
582,7.973473630740107,24.28955523601511,Southeast Asia's Megafire
583,6.127035007741047,16.69659682463734,Southeast Asia's Megafire
584,7.419475575405407,26.570522428205507,Southeast Asia's Megafire
585,6.505299970574043,25.84007073696442,Southeast Asia's Megafire
586,2.9349287615735977,13.530823820405821,Southeast Asia's Megafire
587,6.8078183849743334,21.093184957668605,Southeast Asia's Megafire
588,3.4330804554622287,16.787530887004642,Southeast Asia's Megafire
589,5.657344303223531,22.546040186966728,Southeast Asia's Megafire
590,8.292300418361547,14.676163867830487,Southeast Asia's Megafire
591,6.260744374570352,16.96154850726336,Southeast Asia's Megafire
592,6.75318223400547,20.211351680809322,Southeast Asia's Megafire
593,3.188274567201639,13.461892325048964,Southeast Asia's Megafire
594,5.6353636857388105,18.008082204591517,Southeast Asia's Megafire
595,9.226829636037861,24.81674699488473,Southeast Asia's Megafire
596,4.059713472912855,20.39350555676051,Southeast Asia's Megafire
597,3.5587406175123197,16.652211092144345,Southeast Asia's Megafire
598,6.469762330265451,19.232983112808192,Southeast Asia's Megafire
599,4.379170860201574,15.79357370232678,Southeast Asia's Megafire
600,6.114070197143724,16.554145988471255,Southeast Asia's Megafire
601,3.5227026667612478,16.902933516991645,Southeast Asia's Megafire
602,5.058285757678999,19.34307186521155,Southeast Asia's Megafire
603,4.440630243136649,9.461092525567551,Southeast Asia's Megafire
604,7.566062387337902,16.78329836767218,Southeast Asia's Megafire
605,6.283463730087498,25.69821582509954,Southeast Asia's Megafire
606,4.343230566167793,16.788601375926774,Southeast Asia's Megafire
607,4.352386710493146,19.894989394828187,Southeast Asia's Megafire
608,5.993963087786497,15.961949984550497,Southeast Asia's Megafire
609,2.945154890594808,9.052827103910605,Southeast Asia's Megafire
610,6.661756110800683,16.01390815523574,Southeast Asia's Megafire
611,5.150935337907329,16.58496579186116,Southeast Asia's Megafire
612,5.109366247028545,18.074351816798398,Southeast Asia's Megafire
613,6.473645436423345,16.7266178801669,Southeast Asia's Megafire
614,4.743133256426495,19.633800439377048,Southeast Asia's Megafire
615,7.476578506030721,23.316844699297434,Southeast Asia's Megafire
616,5.7474515039331875,12.92384096084341,Southeast Asia's Megafire
617,3.05692126646042,13.24630692549245,Southeast Asia's Megafire
618,5.660968265158836,23.70559199655004,Southeast Asia's Megafire
619,6.822887618557109,21.12477374608914,Southeast Asia's Megafire
620,5.762632413924939,16.487000079787972,Southeast Asia's Megafire
621,4.857473366441188,18.03469514591456,Southeast Asia's Megafire
622,3.3702454058419464,12.953624866565873,Southeast Asia's Megafire
623,5.928877014545163,14.168453094264406,Southeast Asia's Megafire
624,4.670096098169586,22.458643381214777,Southeast Asia's Megafire
625,1.891856723235179,8.636546695391516,Southeast Asia's Megafire
626,4.735877203542378,17.56395077766034,Southeast Asia's Megafire
627,6.268873150900522,17.976469493844718,Southeast Asia's Megafire
628,7.214138026600255,27.597076667514514,Southeast Asia's Megafire
629,4.3670701470306685,19.247902573484506,Southeast Asia's Megafire
630,7.923952189351604,26.33968634916831,Southeast Asia's Megafire
631,5.924388183614192,19.08848346327325,Southeast Asia's Megafire
632,4.631016047608944,21.39137758863651,Southeast Asia's Megafire
633,3.214102065428571,11.886289444118894,Southeast Asia's Megafire
634,4.246491813098602,21.502510349332105,Southeast Asia's Megafire
635,6.453404258717624,23.24563216255052,Southeast Asia's Megafire
636,4.076330748833047,16.678135117310774,Southeast Asia's Megafire
637,7.138022191533502,34.777847088126634,Southeast Asia's Megafire
638,5.971549272531477,15.15396402259341,Southeast Asia's Megafire
639,4.245243495805262,16.521610716408347,Southeast Asia's Megafire
640,5.168315271393334,19.822291840445637,Southeast Asia's Megafire
641,5.599296710502044,21.266745020030783,Southeast Asia's Megafire
642,6.176203432934329,20.216783871561397,Southeast Asia's Megafire
643,7.941738800458691,19.662637880762396,Southeast Asia's Megafire
644,6.613204836213861,22.248820691922347,Southeast Asia's Megafire
645,4.8629272568905275,13.64739428839589,Southeast Asia's Megafire
646,8.686620346775051,22.934358972869454,Southeast Asia's Megafire
647,7.611991888619403,20.38748347237022,Southeast Asia's Megafire
648,5.365192698349895,15.305108897933861,Southeast Asia's Megafire
649,4.1497540619362905,17.480145619023695,Southeast Asia's Megafire
650,4.883624463821033,19.623831923125323,Southeast Asia's Megafire
651,6.622063644374598,22.62130192534721,Southeast Asia's Megafire
652,4.87447675686201,21.426080748966697,Southeast Asia's Megafire
653,7.351904819916128,18.7751393025821,Southeast Asia's Megafire
654,2.5914154890477925,16.68281661191659,Southeast Asia's Megafire
655,6.004154693574805,22.09379977732729,Southeast Asia's Megafire
656,4.418790951447366,17.103139910081865,Southeast Asia's Megafire
657,4.938943244432345,21.057840054419707,Southeast Asia's Megafire
658,5.625687281602304,15.374529943013039,Southeast Asia's Megafire
659,5.006022712167982,16.554453448207013,Southeast Asia's Megafire
660,4.406708703423347,15.141465351110249,Southeast Asia's Megafire
661,4.687143900251825,13.486437821665142,Southeast Asia's Megafire
662,4.451934605323028,13.38791892766985,Southeast Asia's Megafire
663,6.4777647547894945,21.632729650968706,Southeast Asia's Megafire
664,6.343391081512613,17.063633342145465,Southeast Asia's Megafire
665,6.0470691862594075,20.16452078578382,Southeast Asia's Megafire
666,5.5291073238948405,15.675076182416959,Southeast Asia's Megafire
667,3.2991755283416566,11.214585798673362,Southeast Asia's Megafire
668,5.182812558988538,20.886743987948705,Southeast Asia's Megafire
669,3.913830325632525,18.95701606055139,Southeast Asia's Megafire
670,2.9341733476908507,13.800179683302495,Southeast Asia's Megafire
671,5.011114557168042,14.972241507395346,Southeast Asia's Megafire
672,7.990494880236412,23.833548543685374,Southeast Asia's Megafire
673,5.980539787410744,18.73487086535599,Southeast Asia's Megafire
674,7.741994425482539,19.91499394069274,Southeast Asia's Megafire
675,6.389237213146184,14.750343159041973,Southeast Asia's Megafire
676,4.1696722010864935,15.90319187628809,Southeast Asia's Megafire
677,7.919699654076643,18.25461877794605,Southeast Asia's Megafire
678,4.2643098157460555,16.212644087741893,Southeast Asia's Megafire
679,4.538891859722974,13.049290528384976,Southeast Asia's Megafire
680,4.165195980915722,12.668892093240101,Southeast Asia's Megafire
681,5.230159728147569,22.744884483168974,Southeast Asia's Megafire
682,5.39964616945313,18.734798142243882,Southeast Asia's Megafire
683,6.192930426687183,17.050746320297378,Southeast Asia's Megafire
684,7.187045090268335,17.372855709095468,Southeast Asia's Megafire
685,3.595442604735724,18.151201716595683,Southeast Asia's Megafire
686,4.96519702611724,17.8580991158718,Southeast Asia's Megafire
687,4.885410308075906,17.548246436949036,Southeast Asia's Megafire
688,3.858512800850416,14.048877590809274,Southeast Asia's Megafire
689,7.285719937232649,21.051807986464844,Southeast Asia's Megafire
690,6.300102451256398,22.055942851377146,Southeast Asia's Megafire
691,3.936370944517362,11.982737380816301,Southeast Asia's Megafire
692,4.801384226225872,18.880864956756298,Southeast Asia's Megafire
693,8.280956653165566,22.964268007818383,Southeast Asia's Megafire
694,4.012532077841797,11.374826175039093,Southeast Asia's Megafire
695,6.043966302521191,17.67699681241214,Southeast Asia's Megafire
696,6.170729700057332,15.278793606171714,Southeast Asia's Megafire
697,2.9718903314994827,9.591360921310839,Southeast Asia's Megafire
698,6.55935356392478,20.534249882604556,Southeast Asia's Megafire
699,9.271362718128742,30.8958908461695,Southeast Asia's Megafire
700,4.607973905618633,22.631105503949463,Southeast Asia's Megafire
701,5.48747405233907,25.288637371342112,Southeast Asia's Megafire
702,4.307602120727421,15.169215863035836,Southeast Asia's Megafire
703,7.2432823835848215,21.586307540011916,Southeast Asia's Megafire
704,5.743551283528163,21.199914608616346,Southeast Asia's Megafire
705,5.249652840808175,24.277826871356517,Southeast Asia's Megafire
706,6.486373568132088,22.20755201274867,Southeast Asia's Megafire
707,5.130718423548686,13.882327867824829,Southeast Asia's Megafire
708,10.162373914956266,21.82544815739869,Southeast Asia's Megafire
709,4.743099758881362,14.778939114801032,Southeast Asia's Megafire
710,5.32069483369227,15.63225903862899,Southeast Asia's Megafire
711,6.202416102390502,19.790737351035524,Southeast Asia's Megafire
712,5.372514522536425,15.064121435387298,Southeast Asia's Megafire
713,5.057012651064285,22.13453372137967,Southeast Asia's Megafire
714,5.596458426318465,17.6297201058944,Southeast Asia's Megafire
715,6.500575069998151,19.127208096351737,Southeast Asia's Megafire
716,3.1157329662558886,18.363170988215536,Southeast Asia's Megafire
717,5.192180747825231,21.496937140445645,Southeast Asia's Megafire
718,3.9147021365359724,11.98497378285073,Southeast Asia's Megafire
719,5.088565803334872,16.224050895749553,Southeast Asia's Megafire
720,5.778633610119157,16.274457503182145,Southeast Asia's Megafire
721,4.721488289163811,10.708396981861265,Southeast Asia's Megafire
722,6.308398689129474,22.154151477869597,Southeast Asia's Megafire
723,4.5543621879551965,10.565446663793264,Southeast Asia's Megafire
724,5.5001197795896575,33.858789444011066,Southeast Asia's Megafire
725,3.662526052109965,19.218177126977693,Southeast Asia's Megafire
726,4.826472551802823,21.460156394902036,Southeast Asia's Megafire
727,3.192109934483231,10.082330520857463,Southeast Asia's Megafire
728,6.593850941655112,23.281731563290172,Southeast Asia's Megafire
729,4.825022006163678,13.97860182466696,Southeast Asia's Megafire
730,5.869651834762496,26.135727415835376,Southeast Asia's Megafire
731,5.248900314741563,18.49496732404222,Southeast Asia's Megafire
732,3.8999212863316113,14.846292032302383,Southeast Asia's Megafire
733,4.379977867654944,26.473855515498308,Southeast Asia's Megafire
734,4.7168703534331815,16.954480344396025,Southeast Asia's Megafire
735,3.7950297745544113,14.705285703110222,Southeast Asia's Megafire
736,7.205651387205405,18.57763696115594,Southeast Asia's Megafire
737,4.635858055062778,12.76582173623325,Southeast Asia's Megafire
738,7.4242949275616725,19.45606924435918,Southeast Asia's Megafire
739,4.2206296049068355,16.757187788259177,Southeast Asia's Megafire
740,7.247875044849919,15.846834719858593,Southeast Asia's Megafire
741,6.984637134770501,18.370333590328563,Southeast Asia's Megafire
742,5.28849532721078,13.002265884473996,Southeast Asia's Megafire
743,4.895567309141478,20.77888976765462,Southeast Asia's Megafire
744,3.9245115196033415,11.105975085654446,Southeast Asia's Megafire
745,5.677756556931002,10.926550157517907,Southeast Asia's Megafire
746,7.41420387309798,28.7249806656123,Southeast Asia's Megafire
747,2.3994875805729565,10.044727331567781,Southeast Asia's Megafire
748,5.8044450636733105,16.84144696616289,Southeast Asia's Megafire
749,4.28084059419262,22.264889422106997,Southeast Asia's Megafire
750,2.6009183912036016,10.967912664987463,Southeast Asia's Megafire
751,4.093099887143969,20.981270019923087,Southeast Asia's Megafire
752,5.0402955577275055,14.154277103600762,Southeast Asia's Megafire
753,3.1606918202136542,9.459130312055109,Southeast Asia's Megafire
754,6.676237261216441,16.47999013616225,Southeast Asia's Megafire
755,6.658017282472563,22.126215394748478,Southeast Asia's Megafire
756,5.012769490231257,16.513828609642466,Southeast Asia's Megafire
757,5.819099845056863,19.993849690428576,Southeast Asia's Megafire
758,3.1267005882308263,18.541662280822333,Southeast Asia's Megafire
759,5.685152639412874,20.103364216315313,Southeast Asia's Megafire
760,5.59425226213227,15.503527240545758,Southeast Asia's Megafire
761,2.55271887696698,8.934509534181553,Southeast Asia's Megafire
762,5.177245411827083,16.624498214298065,Southeast Asia's Megafire
763,5.34547968538223,19.463086240126394,Southeast Asia's Megafire
764,6.695281479455301,21.500870202914392,Southeast Asia's Megafire
765,7.513698651527095,27.075368419455117,Southeast Asia's Megafire
766,6.171341333584645,23.76577508840648,Southeast Asia's Megafire
767,7.13544049329313,20.971969223649324,Southeast Asia's Megafire
768,4.433930004523069,14.66362572663445,Southeast Asia's Megafire
769,5.077214358431898,19.670350860868908,Southeast Asia's Megafire
770,4.834468437848794,13.414389971429058,Southeast Asia's Megafire
771,6.278875245261964,14.634486782655351,Southeast Asia's Megafire
772,5.369540352959531,20.039041400496224,Southeast Asia's Megafire
773,4.044868397503378,11.031217641762003,Southeast Asia's Megafire
774,3.278472633520459,22.079883721628633,Southeast Asia's Megafire
775,6.346901067952652,16.842817525696585,Southeast Asia's Megafire
776,3.2273929870190807,15.441837480126766,Southeast Asia's Megafire
777,2.0539691928860253,9.918432272578087,Southeast Asia's Megafire
778,5.4268905939663705,15.665250522042626,Southeast Asia's Megafire
779,6.136479098972343,19.559072526579136,Southeast Asia's Megafire
780,7.020506249804245,20.38484976759741,Southeast Asia's Megafire
781,6.341811511054742,17.49357369290663,Southeast Asia's Megafire
782,5.999495377662373,15.06862302781995,Southeast Asia's Megafire
783,5.523802677396523,15.005630833000016,Southeast Asia's Megafire
784,3.84127755586967,12.983643313876867,Southeast Asia's Megafire
785,3.890664485394812,13.915869126857142,Southeast Asia's Megafire
786,5.698599039956139,20.433230922589118,Southeast Asia's Megafire
787,5.878579724663852,16.868263412075446,Southeast Asia's Megafire
788,9.361307066236424,24.755506996176713,Southeast Asia's Megafire
789,6.508844921857068,16.59355719246389,Southeast Asia's Megafire
790,2.7923945183418897,11.303672497857242,Southeast Asia's Megafire
791,6.610823864930068,19.695213605082458,Southeast Asia's Megafire
792,4.6889444599290195,20.29193748528651,Southeast Asia's Megafire
793,2.6846146813590317,11.470788424916934,Southeast Asia's Megafire
794,6.7817843367299915,20.28438901389024,Southeast Asia's Megafire
795,8.807527770254294,22.445688302874217,Southeast Asia's Megafire
796,5.941216924560973,16.499068815164193,Southeast Asia's Megafire
797,4.925682215434054,22.023325166238088,Southeast Asia's Megafire
798,3.203889166271275,14.588511954787046,Southeast Asia's Megafire
799,4.797031803889769,17.8004667337533,Southeast Asia's Megafire
800,5.319214617465783,26.031829749195275,Southeast Asia's Megafire
801,5.0230426819798755,32.214219099938795,Southeast Asia's Megafire
802,3.9101800004266694,12.139612912770229,Southeast Asia's Megafire
803,2.7876860681776123,15.103970365197545,Southeast Asia's Megafire
804,7.59908796542547,22.145183305879236,Southeast Asia's Megafire
805,6.267309235422099,11.40582925646836,Southeast Asia's Megafire
806,10.010232208634934,19.631032076669406,Southeast Asia's Megafire
807,5.906334976330761,15.778179888581327,Southeast Asia's Megafire
808,6.646292358665055,19.08803766717751,Southeast Asia's Megafire
809,4.258109319710266,13.030323667629977,Southeast Asia's Megafire
810,4.352224179498144,18.82554726704212,Southeast Asia's Megafire
811,9.44293106294871,23.00988213065019,Southeast Asia's Megafire
812,5.245859393921952,23.752463303390243,Southeast Asia's Megafire
813,5.645470586832697,31.528367829516988,Southeast Asia's Megafire
814,4.34036189126247,13.283366297395698,Southeast Asia's Megafire
815,4.120012675793608,11.962973719763498,Southeast Asia's Megafire
816,5.368267452281524,23.002091430858897,Southeast Asia's Megafire
817,5.7281253553623115,17.921729392788468,Southeast Asia's Megafire
818,4.8776448421537,22.04231458030756,Southeast Asia's Megafire
819,7.730076120220484,27.10170649548325,Southeast Asia's Megafire
820,4.9743133205674255,16.784268295158363,Southeast Asia's Megafire
821,4.165400065621255,15.130888572162144,Southeast Asia's Megafire
822,8.722821577620314,22.99654237234148,Southeast Asia's Megafire
823,4.949239497993643,17.953075157274093,Southeast Asia's Megafire
824,4.735427326487412,20.620865254588146,Southeast Asia's Megafire
825,5.708075387514207,17.012138981098822,Southeast Asia's Megafire
826,3.4744739281584893,16.004214539878376,Southeast Asia's Megafire
827,3.294401585440721,9.506633986686765,Southeast Asia's Megafire
828,7.563993299527978,25.271199033613065,Southeast Asia's Megafire
829,5.312180591178358,19.982887669193254,Southeast Asia's Megafire
830,5.188547589450658,15.466576922290225,Southeast Asia's Megafire
831,4.940379377554203,23.7149582416272,Southeast Asia's Megafire
832,3.2683341498417886,13.360434683841628,Southeast Asia's Megafire
833,3.4902713808802863,10.289525483770884,Southeast Asia's Megafire
834,5.217761287614759,16.668713713309607,Southeast Asia's Megafire
835,3.70425378473286,13.098680386876449,Southeast Asia's Megafire
836,7.029289656149737,18.23900579448747,Southeast Asia's Megafire
837,10.01369190089486,19.896290299614662,Southeast Asia's Megafire
838,6.6569297019302,27.06029810738898,Southeast Asia's Megafire
839,3.4183987022408497,14.549900515636095,Southeast Asia's Megafire
840,4.684309069145837,20.758455332927703,Southeast Asia's Megafire
841,3.3794831886019674,15.080351022215464,Southeast Asia's Megafire
842,5.833401274560107,19.222855556347227,Southeast Asia's Megafire
843,5.1355997285108765,18.979050848645016,Southeast Asia's Megafire
844,3.7076789927266085,22.646290057986903,Southeast Asia's Megafire
845,5.088111391618057,14.691150414020324,Southeast Asia's Megafire
846,7.440915184733989,31.402191114220287,Southeast Asia's Megafire
847,5.186628265642556,19.7596550184237,Southeast Asia's Megafire
848,5.324609683913119,17.77002082987859,Southeast Asia's Megafire
849,5.119789762002897,18.890518586472254,Southeast Asia's Megafire
850,6.293843612344607,23.204058243589188,Southeast Asia's Megafire
851,4.618033909160952,21.842409506954517,Southeast Asia's Megafire
852,4.60917831443776,13.219846855816575,Southeast Asia's Megafire
853,3.5869781684162336,8.787922172676243,Southeast Asia's Megafire
854,6.649704495567741,16.15998624842066,Southeast Asia's Megafire
855,5.983454632348684,23.174289107412484,Southeast Asia's Megafire
856,9.581278939099684,20.614348729500364,Southeast Asia's Megafire
857,5.921867738219971,10.973284219941114,Southeast Asia's Megafire
858,5.462411986671308,17.805541034741076,Southeast Asia's Megafire
859,3.4403621710989323,12.696694844822808,Southeast Asia's Megafire
860,3.9562608830969332,13.035189690465323,Southeast Asia's Megafire
861,7.451293110955136,21.842025927699332,Southeast Asia's Megafire
862,3.1519061936291144,10.20059558755179,Southeast Asia's Megafire
863,5.189116680160739,16.164841941244838,Southeast Asia's Megafire
864,5.072266922905121,15.934845275014387,Southeast Asia's Megafire
865,6.113708191333115,18.060962041241883,Southeast Asia's Megafire
866,6.97629544870742,21.92184428816011,Southeast Asia's Megafire
867,5.205488455986716,21.727662669115766,Southeast Asia's Megafire
868,11.814841659167344,19.945064908685012,Southeast Asia's Megafire
869,2.8271847589256534,12.695655926647193,Southeast Asia's Megafire
870,4.973992767019587,18.94397313454218,Southeast Asia's Megafire
871,5.561998399114686,16.157610006068545,Southeast Asia's Megafire
872,7.0819000611589615,23.000033900486557,Southeast Asia's Megafire
873,3.458158129890381,11.624060569174057,Southeast Asia's Megafire
874,5.273456798831419,17.93271224596887,Southeast Asia's Megafire
875,7.956417770241901,17.500001723705072,Southeast Asia's Megafire
876,3.9791899888634203,10.038739489768858,Southeast Asia's Megafire
877,6.755035796569921,14.994636543372172,Southeast Asia's Megafire
878,2.667378766477054,15.069558108985731,Southeast Asia's Megafire
879,4.587531737402185,13.64411172693354,Southeast Asia's Megafire
880,8.60604140323521,24.72233759301858,Southeast Asia's Megafire
881,3.566036832007487,13.167817498833438,Southeast Asia's Megafire
882,3.4843850433433414,22.311915386820715,Southeast Asia's Megafire
883,5.5874691215315755,17.299056848740207,Southeast Asia's Megafire
884,4.6438631529526635,16.40206197502382,Southeast Asia's Megafire
885,6.399898637242906,11.755629308779232,Southeast Asia's Megafire
886,5.518164339310223,14.037286206466579,Southeast Asia's Megafire
887,4.488832911949225,14.842222325606436,Southeast Asia's Megafire
888,3.9040731434319986,13.987054418213262,Southeast Asia's Megafire
889,2.4953368828374343,10.46465028658968,Southeast Asia's Megafire
890,4.190813360380609,15.90861211887946,Southeast Asia's Megafire
891,3.6093400026250277,10.0351784968167,Southeast Asia's Megafire
892,5.763578861791267,15.282815691302853,Southeast Asia's Megafire
893,3.649520106800888,16.22773618580358,Southeast Asia's Megafire
894,8.61375691874448,20.060001277860593,Southeast Asia's Megafire
895,6.491215508909397,17.947772543005982,Southeast Asia's Megafire
896,4.039494396082808,14.052941243355233,Southeast Asia's Megafire
897,5.659736303993408,11.946550090539086,Southeast Asia's Megafire
898,5.88528954856322,15.498787778583162,Southeast Asia's Megafire
899,5.801600621839496,22.960218944754878,Southeast Asia's Megafire
900,3.365807449305656,20.979193599731204,Southeast Asia's Megafire
901,5.910872856754487,31.67192868008295,Southeast Asia's Megafire
902,4.4973800214886825,22.656612179958543,Southeast Asia's Megafire
903,5.00601861840942,15.91829933792393,Southeast Asia's Megafire
904,4.947923491579071,16.872512129635865,Southeast Asia's Megafire
905,2.272762584510216,16.01389834225609,Southeast Asia's Megafire
906,2.8657377136498092,11.42816430446318,Southeast Asia's Megafire
907,5.310864824817202,13.283654294006643,Southeast Asia's Megafire
908,5.836750798472846,19.31355026593978,Southeast Asia's Megafire
909,8.387241536079502,18.812583308294574,Southeast Asia's Megafire
910,5.429989546741418,17.55288688493205,Southeast Asia's Megafire
911,4.219667567551115,12.48434850011031,Southeast Asia's Megafire
912,4.539744698619116,15.511607976787797,Southeast Asia's Megafire
913,2.83453709033246,19.133403662200084,Southeast Asia's Megafire
914,5.870250050338757,20.09895800681926,Southeast Asia's Megafire
915,8.160288145691146,17.73990510892397,Southeast Asia's Megafire
916,4.220583362565662,20.03583402668859,Southeast Asia's Megafire
917,6.75296184095116,19.404179150143523,Southeast Asia's Megafire
918,2.5885718663646284,13.195136489035038,Southeast Asia's Megafire
919,5.607406253419906,20.409523969645292,Southeast Asia's Megafire
920,4.569563725793128,15.313820446184163,Southeast Asia's Megafire
921,7.590467694244077,23.923170202143346,Southeast Asia's Megafire
922,4.804914917306587,15.857496755058639,Southeast Asia's Megafire
923,7.045552517554444,24.52201797089213,Southeast Asia's Megafire
924,4.388264195000839,14.565645530317248,Southeast Asia's Megafire
925,7.783767983901656,13.859269729960747,Southeast Asia's Megafire
926,7.053496230739322,15.803276526872802,Southeast Asia's Megafire
927,6.2261104302852095,15.586421757850431,Southeast Asia's Megafire
928,6.3119869944055145,19.669752711046655,Southeast Asia's Megafire
929,6.638870761217986,20.573603011143994,Southeast Asia's Megafire
930,5.35690047727419,12.510237637849103,Southeast Asia's Megafire
931,4.5817135341260755,17.606149637584792,Southeast Asia's Megafire
932,5.438717470501528,16.833493086271865,Southeast Asia's Megafire
933,4.442736397039069,14.632626873059774,Southeast Asia's Megafire
934,3.365525577277085,17.73592488335045,Southeast Asia's Megafire
935,8.24973814826968,22.185794217337182,Southeast Asia's Megafire
936,3.9299718302720423,21.208328429409825,Southeast Asia's Megafire
937,7.766429196211254,19.297818946221074,Southeast Asia's Megafire
938,7.655375764113752,18.88505400876041,Southeast Asia's Megafire
939,4.891950043423189,15.228010940484337,Southeast Asia's Megafire
940,6.668294975296462,14.200440074702334,Southeast Asia's Megafire
941,5.134453673904881,12.470606230932425,Southeast Asia's Megafire
942,4.549286578598837,15.543205786574754,Southeast Asia's Megafire
943,4.262398200120153,13.896004490916669,Southeast Asia's Megafire
944,9.768708076259454,24.900359475508402,Southeast Asia's Megafire
945,4.848083134582555,17.55279810428341,Southeast Asia's Megafire
946,5.000838717741971,15.03931471758304,Southeast Asia's Megafire
947,7.398278440762148,17.389014444270394,Southeast Asia's Megafire
948,3.852998130267654,25.850374555059567,Southeast Asia's Megafire
949,3.7988873950562208,11.840528344368007,Southeast Asia's Megafire
950,5.594198747028537,13.039708421340487,Southeast Asia's Megafire
951,6.099125202425887,24.535996973888345,Southeast Asia's Megafire
952,4.952604932926184,25.353926041787176,Southeast Asia's Megafire
953,3.4228587147463037,22.936297352557126,Southeast Asia's Megafire
954,5.223086023865389,25.214541434276967,Southeast Asia's Megafire
955,4.603263580580752,12.50411475342685,Southeast Asia's Megafire
956,3.9435440460755102,11.019866761572127,Southeast Asia's Megafire
957,6.305811534959722,17.15195222369568,Southeast Asia's Megafire
958,7.442872790096329,28.027002728737394,Southeast Asia's Megafire
959,5.14754268656513,19.82824616748522,Southeast Asia's Megafire
960,4.052248271456003,17.67843001947619,Southeast Asia's Megafire
961,5.832825172934067,17.76525761274646,Southeast Asia's Megafire
962,2.854703929113217,18.91017491624332,Southeast Asia's Megafire
963,4.563234178296143,13.94020505075736,Southeast Asia's Megafire
964,4.9797238662475936,16.187612238734097,Southeast Asia's Megafire
965,4.704411844279557,17.966223724714304,Southeast Asia's Megafire
966,4.498130222191647,18.52551445258171,Southeast Asia's Megafire
967,2.974480931757365,13.134240294066727,Southeast Asia's Megafire
968,6.93575502695803,17.358171146217877,Southeast Asia's Megafire
969,1.6972337534260886,8.789748385708915,Southeast Asia's Megafire
970,4.195880973275328,19.418780773849235,Southeast Asia's Megafire
971,6.161490477127496,25.94012475550126,Southeast Asia's Megafire
972,5.191559028228418,15.328482327038012,Southeast Asia's Megafire
973,5.753305564549184,15.252436912056728,Southeast Asia's Megafire
974,3.000342023922363,16.35433221862875,Southeast Asia's Megafire
975,7.054265615830743,22.941756787082603,Southeast Asia's Megafire
976,6.751028107111758,18.345021728106406,Southeast Asia's Megafire
977,7.346782404537599,14.71280803541166,Southeast Asia's Megafire
978,8.997778737768565,23.801527472225423,Southeast Asia's Megafire
979,8.902512457031483,27.058741970407745,Southeast Asia's Megafire
980,12.514668687026605,23.703861452688493,Southeast Asia's Megafire
981,5.626135319884374,16.345998569156468,Southeast Asia's Megafire
982,5.747078550219054,13.147778365783934,Southeast Asia's Megafire
983,5.1183845114250195,24.25696315424878,Southeast Asia's Megafire
984,6.698929149074064,18.599148829577285,Southeast Asia's Megafire
985,4.612636527914496,21.27193842189825,Southeast Asia's Megafire
986,5.103072130601774,13.495613190878835,Southeast Asia's Megafire
987,3.608571341401767,15.924445636317204,Southeast Asia's Megafire
988,3.0591952271801737,12.783101874810594,Southeast Asia's Megafire
989,6.408239545762226,13.873209223459604,Southeast Asia's Megafire
990,5.166029516266737,19.392014407743602,Southeast Asia's Megafire
991,4.638453462648277,16.25578028747919,Southeast Asia's Megafire
992,6.164970767489451,19.836050049953478,Southeast Asia's Megafire
993,7.737885381362988,16.67889373491233,Southeast Asia's Megafire
994,4.903166741373586,13.382944866907573,Southeast Asia's Megafire
995,5.939306925633532,19.524415309312495,Southeast Asia's Megafire
996,4.249800445910069,13.737431293381542,Southeast Asia's Megafire
997,4.890435528383214,21.05313686163901,Southeast Asia's Megafire
998,7.296033230616819,23.233086955715137,Southeast Asia's Megafire
999,3.412765057397275,12.4533795071746,Southeast Asia's Megafire
1000,4.744533339121335,14.967564388174184,Southeast Asia's Megafire
